{"cameraMode":{"drawMode":0,"name":"Shaded","section":"Shading Mode"},"sceneLighting":false,"audioPlay":false,"sceneViewState":{"m_AlwaysRefresh":false,"showFog":true,"showSkybox":false,"showFlares":true,"showImageEffects":true,"showParticleSystems":true,"showVisualEffectGraphs":true,"m_FxEnabled":true},"in2DMode":false,"pivot":{"x":-0.4684930741786957,"y":1.0940653085708619,"z":14.72023868560791},"rotation":{"x":0.015307274647057057,"y":0.3248603045940399,"z":0.005272191017866135,"w":-0.9456550478935242},"size":1.46595299243927,"orthographic":false}