{"cameraMode":{"drawMode":0,"name":"Shaded","section":"Shading Mode"},"sceneLighting":true,"audioPlay":false,"sceneViewState":{"m_AlwaysRefresh":false,"showFog":true,"showSkybox":true,"showFlares":true,"showImageEffects":true,"showParticleSystems":true,"showVisualEffectGraphs":true,"m_FxEnabled":true},"in2DMode":false,"pivot":{"x":0.015649467706680299,"y":0.8821587562561035,"z":-0.12384277582168579},"rotation":{"x":-0.053710777312517169,"y":-0.1778831034898758,"z":0.009723830036818982,"w":-0.9825598001480103},"size":5.864384651184082,"orthographic":false}