{"cameraMode":{"drawMode":0,"name":"Shaded","section":"Shading Mode"},"sceneLighting":true,"audioPlay":false,"sceneViewState":{"m_AlwaysRefresh":false,"showFog":true,"showSkybox":true,"showFlares":true,"showImageEffects":true,"showParticleSystems":true,"showVisualEffectGraphs":true,"m_FxEnabled":true},"in2DMode":false,"pivot":{"x":105.94405364990235,"y":0.25951623916625979,"z":20.00583267211914},"rotation":{"x":-0.1704450249671936,"y":0.24746140837669373,"z":-0.0442514605820179,"w":-0.9528104066848755},"size":1.1959127187728882,"orthographic":false}