{"cameraMode":{"drawMode":0,"name":"Shaded","section":"Shading Mode"},"sceneLighting":true,"audioPlay":false,"sceneViewState":{"m_AlwaysRefresh":false,"showFog":true,"showSkybox":true,"showFlares":true,"showImageEffects":true,"showParticleSystems":true,"showVisualEffectGraphs":true,"m_FxEnabled":true},"in2DMode":false,"pivot":{"x":92.28665924072266,"y":-0.6391083598136902,"z":-14.843436241149903},"rotation":{"x":-0.7312636375427246,"y":-0.008375253528356552,"z":0.009008281864225865,"w":-0.682044267654419},"size":54.96134567260742,"orthographic":false}